{"cameraMode":{"drawMode":0,"name":"Shaded","section":"Shading Mode"},"sceneLighting":true,"audioPlay":false,"sceneViewState":{"m_AlwaysRefresh":false,"showFog":true,"showSkybox":true,"showFlares":true,"showImageEffects":true,"showParticleSystems":true,"showVisualEffectGraphs":true,"m_FxEnabled":true},"in2DMode":false,"pivot":{"x":535.6235961914063,"y":302.6560363769531,"z":-212.95321655273438},"rotation":{"x":0.1044997051358223,"y":0.0035797064192593099,"z":0.00036448368337005377,"w":-0.9945284724235535},"size":0.8660253882408142,"orthographic":false}