{"cameraMode":{"drawMode":0,"name":"Shaded","section":"Shading Mode"},"sceneLighting":false,"audioPlay":false,"sceneViewState":{"m_AlwaysRefresh":false,"showFog":true,"showSkybox":false,"showFlares":true,"showImageEffects":true,"showParticleSystems":true,"showVisualEffectGraphs":true,"m_FxEnabled":true},"in2DMode":false,"pivot":{"x":529.9378662109375,"y":301.27459716796877,"z":-208.25770568847657},"rotation":{"x":-0.10117270797491074,"y":0.1359529048204422,"z":-0.013958376832306385,"w":-0.9854341149330139},"size":1.2247449159622193,"orthographic":false}